Year,Area,Cancer Type,Age-Adjusted Rate,Case Count,Population
1999,Alabama,All Types of Cancer,425.3,19296,4430141
1999,Alaska,All Types of Cancer,506.3,1968,624779
1999,Arizona,All Types of Cancer,423.5,21295,5023823
1999,Arkansas,All Types of Cancer,443,12562,2651860
1999,California,All Types of Cancer,466.6,136440,33499204
1999,Colorado,All Types of Cancer,449.8,16144,4226018
1999,Connecticut,All Types of Cancer,516.7,18713,3386401
1999,Delaware,All Types of Cancer,503.7,3976,774990
1999,District of Columbia,All Types of Cancer,530.5,2957,570213
1999,Florida,All Types of Cancer,513.4,100470,15759421
1999,Georgia,All Types of Cancer,446.7,30398,8045965
1999,Hawaii,All Types of Cancer,436.5,5373,1210300
1999,Idaho,All Types of Cancer,445.8,5213,1275674
1999,Illinois,All Types of Cancer,494.8,58868,12359020
1999,Indiana,All Types of Cancer,466.9,27790,6044969
1999,Iowa,All Types of Cancer,489.2,15812,2917634
1999,Kansas,All Types of Cancer,470.2,12727,2678338
1999,Kentucky,All Types of Cancer,519.7,20893,4018053
1999,Louisiana,All Types of Cancer,493.3,20446,4460811
1999,Maine,All Types of Cancer,512,7183,1266808
1999,Maryland,All Types of Cancer,499,24819,5254509
1999,Massachusetts,All Types of Cancer,515.6,33917,6317345
1999,Michigan,All Types of Cancer,523.1,50672,9897116
1999,Minnesota,All Types of Cancer,466.2,21862,4873481
1999,Mississippi,All Types of Cancer,0,0
1999,Missouri,All Types of Cancer,478.3,27706,5561948
1999,Montana,All Types of Cancer,487.4,4596,897507
1999,Nebraska,All Types of Cancer,485.7,8542,1704764
1999,Nevada,All Types of Cancer,421.5,7616,1934718
1999,New Hampshire,All Types of Cancer,489.9,5870,1222014
1999,New Jersey,All Types of Cancer,519.8,45055,8359592
1999,New Mexico,All Types of Cancer,431.8,7306,1808082
1999,New York,All Types of Cancer,494.9,94537,18882725
1999,North Carolina,All Types of Cancer,443.6,34543,7949361
1999,North Dakota,All Types of Cancer,461.6,3189,644259
1999,Ohio,All Types of Cancer,488.4,57136,11335454
1999,Oklahoma,All Types of Cancer,457.5,16105,3437147
1999,Oregon,All Types of Cancer,509.4,17614,3393941
1999,Pennsylvania,All Types of Cancer,502.6,70899,12263805
1999,Puerto Rico,All Types of Cancer,0,0
1999,Rhode Island,All Types of Cancer,540.3,6124,1040402
1999,South Carolina,All Types of Cancer,484,18883,3974682
1999,South Dakota,All Types of Cancer,0,0
1999,Tennessee,All Types of Cancer,390.1,22097,5638706
1999,Texas,All Types of Cancer,469.2,80703,20558220
1999,United States,All Types of Cancer,481.2,1304730,275461348
1999,Utah,All Types of Cancer,416.7,6634,2203482
1999,Vermont,All Types of Cancer,515.9,3188,604683
1999,Virginia,All Types of Cancer,435.1,28787,7000174
1999,Washington,All Types of Cancer,518.1,28193,5842564
1999,West Virginia,All Types of Cancer,503.3,10561,1811799
1999,Wisconsin,All Types of Cancer,495,26846,5332666
1999,Wyoming,All Types of Cancer,472.1,2206,491780
2000,Alabama,All Types of Cancer,433.1,19864,4452173
2000,Alaska,All Types of Cancer,515.5,2057,627963
2000,Arizona,All Types of Cancer,428.6,22107,5160586
2000,Arkansas,All Types of Cancer,443.5,12735,2678588
2000,California,All Types of Cancer,460.5,137527,33987977
2000,Colorado,All Types of Cancer,454.2,16785,4326921
2000,Connecticut,All Types of Cancer,525.3,19216,3411777
2000,Delaware,All Types of Cancer,517.5,4161,786373
2000,District of Columbia,All Types of Cancer,528.9,2960,572046
2000,Florida,All Types of Cancer,523.3,104045,16047515
2000,Georgia,All Types of Cancer,473.5,33015,8227303
2000,Hawaii,All Types of Cancer,418.8,5263,1213519
2000,Idaho,All Types of Cancer,474.7,5669,1299430
2000,Illinois,All Types of Cancer,493.6,59201,12434161
2000,Indiana,All Types of Cancer,481.5,28965,6091866
2000,Iowa,All Types of Cancer,485.6,15761,2929067
2000,Kansas,All Types of Cancer,470.1,12804,2693681
2000,Kentucky,All Types of Cancer,523.2,21361,4049021
2000,Louisiana,All Types of Cancer,494.3,20757,4471885
2000,Maine,All Types of Cancer,532.1,7602,1277072
2000,Maryland,All Types of Cancer,495.2,25122,5311034
2000,Massachusetts,All Types of Cancer,518.3,34463,6361104
2000,Michigan,All Types of Cancer,522.2,51216,9952450
2000,Minnesota,All Types of Cancer,478.4,22776,4933692
2000,Mississippi,All Types of Cancer,0,0
2000,Missouri,All Types of Cancer,469.8,27506,5607285
2000,Montana,All Types of Cancer,500.1,4800,903773
2000,Nebraska,All Types of Cancer,485.7,8592,1713820
2000,Nevada,All Types of Cancer,514.1,9655,2018741
2000,New Hampshire,All Types of Cancer,508,6230,1239882
2000,New Jersey,All Types of Cancer,526.3,46142,8430621
2000,New Mexico,All Types of Cancer,420.3,7281,1821204
2000,New York,All Types of Cancer,502.4,97298,19001780
2000,North Carolina,All Types of Cancer,460,36512,8081614
2000,North Dakota,All Types of Cancer,459.4,3202,642023
2000,Ohio,All Types of Cancer,473.8,55872,11363543
2000,Oklahoma,All Types of Cancer,459.9,16368,3454365
2000,Oregon,All Types of Cancer,497.1,17453,3429708
2000,Pennsylvania,All Types of Cancer,504.6,71417,12284173
2000,Puerto Rico,All Types of Cancer,0,0
2000,Rhode Island,All Types of Cancer,540.1,6170,1050268
2000,South Carolina,All Types of Cancer,477.1,19001,4024223
2000,South Dakota,All Types of Cancer,0,0
2000,Tennessee,All Types of Cancer,402.9,23177,5703719
2000,Texas,All Types of Cancer,473,83256,20944499
2000,United States,All Types of Cancer,483.8,1332335,278558214
2000,Utah,All Types of Cancer,402.4,6565,2244502
2000,Vermont,All Types of Cancer,490.9,3099,609618
2000,Virginia,All Types of Cancer,438.7,29638,7105817
2000,Washington,All Types of Cancer,507,28106,5910512
2000,West Virginia,All Types of Cancer,504,10630,1807021
2000,Wisconsin,All Types of Cancer,487.1,26699,5373999
2000,Wyoming,All Types of Cancer,465.7,2234,494300
2001,Alabama,All Types of Cancer,454.6,21087,4467634
2001,Alaska,All Types of Cancer,517.3,2189,633714
2001,Arizona,All Types of Cancer,440.9,23353,5273477
2001,Arkansas,All Types of Cancer,457.8,13256,2691571
2001,California,All Types of Cancer,467.4,142485,34479458
2001,Colorado,All Types of Cancer,470.8,17832,4425687
2001,Connecticut,All Types of Cancer,532.8,19668,3432835
2001,Delaware,All Types of Cancer,528.5,4329,795699
2001,District of Columbia,All Types of Cancer,512,2884,574504
2001,Florida,All Types of Cancer,522.2,105642,16356966
2001,Georgia,All Types of Cancer,484.2,34556,8377038
2001,Hawaii,All Types of Cancer,434.8,5593,1225948
2001,Idaho,All Types of Cancer,470.2,5752,1319962
2001,Illinois,All Types of Cancer,504,60952,12488445
2001,Indiana,All Types of Cancer,498.4,30280,6127760
2001,Iowa,All Types of Cancer,496.2,16232,2931997
2001,Kansas,All Types of Cancer,466.8,12808,2702162
2001,Kentucky,All Types of Cancer,531.9,21915,4068132
2001,Louisiana,All Types of Cancer,505,21430,4477875
2001,Maine,All Types of Cancer,542,7862,1285692
2001,Maryland,All Types of Cancer,476.2,24619,5374691
2001,Massachusetts,All Types of Cancer,526.4,35256,6397634
2001,Michigan,All Types of Cancer,522.5,51810,9991120
2001,Minnesota,All Types of Cancer,490.4,23669,4982796
2001,Mississippi,All Types of Cancer,0,0
2001,Missouri,All Types of Cancer,478.8,28329,5641142
2001,Montana,All Types of Cancer,512.9,5009,906961
2001,Nebraska,All Types of Cancer,485.6,8675,1719836
2001,Nevada,All Types of Cancer,502.7,9906,2098399
2001,New Hampshire,All Types of Cancer,522.5,6528,1255517
2001,New Jersey,All Types of Cancer,547.2,48429,8492671
2001,New Mexico,All Types of Cancer,433.2,7680,1831690
2001,New York,All Types of Cancer,502.5,98318,19082838
2001,North Carolina,All Types of Cancer,464.2,37516,8210122
2001,North Dakota,All Types of Cancer,466.1,3270,639062
2001,Ohio,All Types of Cancer,485.5,57675,11387404
2001,Oklahoma,All Types of Cancer,470.7,16878,3467100
2001,Oregon,All Types of Cancer,499.8,17860,3467937
2001,Pennsylvania,All Types of Cancer,525.2,74724,12298970
2001,Puerto Rico,All Types of Cancer,0,0
2001,Rhode Island,All Types of Cancer,536.1,6176,1057142
2001,South Carolina,All Types of Cancer,487.7,19790,4064995
2001,South Dakota,All Types of Cancer,486.6,3965,757972
2001,Tennessee,All Types of Cancer,401.4,23436,5750789
2001,Texas,All Types of Cancer,487.6,87650,21319622
2001,United States,All Types of Cancer,491.5,1377113,282115961
2001,Utah,All Types of Cancer,420.1,7020,2283715
2001,Vermont,All Types of Cancer,500.3,3213,612223
2001,Virginia,All Types of Cancer,421.8,29060,7198362
2001,Washington,All Types of Cancer,520.6,29404,5985722
2001,West Virginia,All Types of Cancer,517.2,10982,1801481
2001,Wisconsin,All Types of Cancer,503.7,27934,5406835
2001,Wyoming,All Types of Cancer,457.4,2227,494657
2002,Alabama,All Types of Cancer,456.2,21421,4480089
2002,Alaska,All Types of Cancer,504.2,2246,642337
2002,Arizona,All Types of Cancer,432.5,23551,5396255
2002,Arkansas,All Types of Cancer,452.8,13281,2705927
2002,California,All Types of Cancer,463,144167,34871843
2002,Colorado,All Types of Cancer,463.6,18001,4490406
2002,Connecticut,All Types of Cancer,524.1,19616,3458749
2002,Delaware,All Types of Cancer,517.5,4359,806169
2002,District of Columbia,All Types of Cancer,553.6,3122,573158
2002,Florida,All Types of Cancer,507.5,104735,16689370
2002,Georgia,All Types of Cancer,486.7,35683,8508256
2002,Hawaii,All Types of Cancer,426.9,5624,1239613
2002,Idaho,All Types of Cancer,475.7,5977,1340372
2002,Illinois,All Types of Cancer,510.8,62385,12525556
2002,Indiana,All Types of Cancer,499,30687,6155967
2002,Iowa,All Types of Cancer,497.5,16349,2934234
2002,Kansas,All Types of Cancer,465.6,12911,2713535
2002,Kentucky,All Types of Cancer,524.5,21914,4089875
2002,Louisiana,All Types of Cancer,500.8,21580,4497267
2002,Maine,All Types of Cancer,536.4,7920,1295960
2002,Maryland,All Types of Cancer,501,26486,5440389
2002,Massachusetts,All Types of Cancer,530.5,35939,6417206
2002,Michigan,All Types of Cancer,524.7,52763,10015710
2002,Minnesota,All Types of Cancer,484.8,23833,5018935
2002,Mississippi,All Types of Cancer,0,0
2002,Missouri,All Types of Cancer,478.4,28656,5674825
2002,Montana,All Types of Cancer,506.1,5020,911667
2002,Nebraska,All Types of Cancer,490.1,8822,1728292
2002,Nevada,All Types of Cancer,501.2,10330,2173791
2002,New Hampshire,All Types of Cancer,538.8,6876,1269089
2002,New Jersey,All Types of Cancer,536.4,48074,8552643
2002,New Mexico,All Types of Cancer,434.5,7896,1855309
2002,New York,All Types of Cancer,502.5,99509,19137800
2002,North Carolina,All Types of Cancer,460.8,38187,8326201
2002,North Dakota,All Types of Cancer,470.2,3321,638168
2002,Ohio,All Types of Cancer,483.3,58059,11407889
2002,Oklahoma,All Types of Cancer,478.8,17370,3489080
2002,Oregon,All Types of Cancer,488.4,17877,3513424
2002,Pennsylvania,All Types of Cancer,517.6,74169,12331031
2002,Puerto Rico,All Types of Cancer,0,0
2002,Rhode Island,All Types of Cancer,538.9,6254,1065995
2002,South Carolina,All Types of Cancer,505.8,20964,4107795
2002,South Dakota,All Types of Cancer,528.8,4343,760020
2002,Tennessee,All Types of Cancer,409.9,24376,5795918
2002,Texas,All Types of Cancer,482.1,88846,21690325
2002,United States,All Types of Cancer,489.1,1394513,284766512
2002,Utah,All Types of Cancer,417.2,7188,2324815
2002,Vermont,All Types of Cancer,491.6,3220,615442
2002,Virginia,All Types of Cancer,434.5,30645,7286873
2002,Washington,All Types of Cancer,512.7,29679,6052349
2002,West Virginia,All Types of Cancer,503,10784,1805414
2002,Wisconsin,All Types of Cancer,484.6,27273,5445162
2002,Wyoming,All Types of Cancer,444.3,2225,500017
2003,Alabama,All Types of Cancer,437.7,20822,4503491
2003,Alaska,All Types of Cancer,494.6,2269,648414
2003,Arizona,All Types of Cancer,428.7,24036,5510364
2003,Arkansas,All Types of Cancer,466.6,13860,2724816
2003,California,All Types of Cancer,448.5,142783,35253159
2003,Colorado,All Types of Cancer,453.2,18090,4528732
2003,Connecticut,All Types of Cancer,515.4,19569,3484336
2003,Delaware,All Types of Cancer,503.3,4348,818003
2003,District of Columbia,All Types of Cancer,550.8,3103,568502
2003,Florida,All Types of Cancer,493,103770,17004085
2003,Georgia,All Types of Cancer,477.2,35845,8622793
2003,Hawaii,All Types of Cancer,426.9,5751,1251154
2003,Idaho,All Types of Cancer,465.6,6017,1363380
2003,Illinois,All Types of Cancer,493.7,61036,12556006
2003,Indiana,All Types of Cancer,492.1,30751,6196638
2003,Iowa,All Types of Cancer,486,16083,2941999
2003,Kansas,All Types of Cancer,472.3,13230,2723004
2003,Kentucky,All Types of Cancer,518.5,22017,4117170
2003,Louisiana,All Types of Cancer,494.3,21638,4521042
2003,Maine,All Types of Cancer,530,7957,1306513
2003,Maryland,All Types of Cancer,504.7,27247,5496269
2003,Massachusetts,All Types of Cancer,513.5,35112,6422565
2003,Michigan,All Types of Cancer,520.9,53131,10041152
2003,Minnesota,All Types of Cancer,473.9,23724,5053572
2003,Mississippi,All Types of Cancer,466.3,13242,2868312
2003,Missouri,All Types of Cancer,476.4,28927,5709403
2003,Montana,All Types of Cancer,493.7,4993,919630
2003,Nebraska,All Types of Cancer,476.4,8656,1738643
2003,Nevada,All Types of Cancer,479.5,10366,2248850
2003,New Hampshire,All Types of Cancer,518.7,6771,1279840
2003,New Jersey,All Types of Cancer,512,46408,8601402
2003,New Mexico,All Types of Cancer,421.2,7855,1877574
2003,New York,All Types of Cancer,497.7,99589,19175939
2003,North Carolina,All Types of Cancer,458.8,38971,8422501
2003,North Dakota,All Types of Cancer,465.7,3301,638817
2003,Ohio,All Types of Cancer,471.1,57274,11434788
2003,Oklahoma,All Types of Cancer,490.2,17986,3504892
2003,Oregon,All Types of Cancer,470.2,17586,3547376
2003,Pennsylvania,All Types of Cancer,506.4,73188,12374658
2003,Puerto Rico,All Types of Cancer,0,0
2003,Rhode Island,All Types of Cancer,516.1,6050,1071342
2003,South Carolina,All Types of Cancer,487.1,20709,4150297
2003,South Dakota,All Types of Cancer,485.8,4027,763729
2003,Tennessee,All Types of Cancer,430.2,26025,5847812
2003,Texas,All Types of Cancer,477,89996,22030931
2003,United States,All Types of Cancer,480.5,1408081,290107933
2003,Utah,All Types of Cancer,423.3,7488,2360137
2003,Vermont,All Types of Cancer,505.3,3352,617858
2003,Virginia,All Types of Cancer,458.7,32918,7366977
2003,Washington,All Types of Cancer,505.1,29859,6104115
2003,West Virginia,All Types of Cancer,487.2,10555,1812295
2003,Wisconsin,All Types of Cancer,479.5,27430,5479203
2003,Wyoming,All Types of Cancer,463,2370,503453
2004,Alabama,All Types of Cancer,461.2,22280,4530729
2004,Alaska,All Types of Cancer,513.7,2442,659286
2004,Arizona,All Types of Cancer,423.9,24538,5652404
2004,Arkansas,All Types of Cancer,463.5,13958,2749686
2004,California,All Types of Cancer,452.7,146684,35574576
2004,Colorado,All Types of Cancer,447.4,18359,4575013
2004,Connecticut,All Types of Cancer,509.2,19537,3496094
2004,Delaware,All Types of Cancer,510.8,4522,830803
2004,District of Columbia,All Types of Cancer,489.2,2752,567754
2004,Florida,All Types of Cancer,482.9,104077,17415318
2004,Georgia,All Types of Cancer,479,36917,8769252
2004,Hawaii,All Types of Cancer,437.5,6045,1273569
2004,Idaho,All Types of Cancer,464.4,6188,1391802
2004,Illinois,All Types of Cancer,493.9,61653,12589773
2004,Indiana,All Types of Cancer,484.2,30658,6233007
2004,Iowa,All Types of Cancer,486.2,16283,2953635
2004,Kansas,All Types of Cancer,474.1,13423,2734373
2004,Kentucky,All Types of Cancer,522.3,22515,4146101
2004,Louisiana,All Types of Cancer,498.2,22125,4552238
2004,Maine,All Types of Cancer,545.8,8364,1313688
2004,Maryland,All Types of Cancer,465.3,25568,5546935
2004,Massachusetts,All Types of Cancer,514.6,35480,6412281
2004,Michigan,All Types of Cancer,504.3,52141,10055315
2004,Minnesota,All Types of Cancer,481.4,24509,5087713
2004,Mississippi,All Types of Cancer,470.1,13564,2889010
2004,Missouri,All Types of Cancer,472.1,29007,5747741
2004,Montana,All Types of Cancer,476.6,4945,930009
2004,Nebraska,All Types of Cancer,481.2,8840,1749370
2004,Nevada,All Types of Cancer,479.2,10834,2346222
2004,New Hampshire,All Types of Cancer,525.2,7020,1290121
2004,New Jersey,All Types of Cancer,511.5,46787,8634561
2004,New Mexico,All Types of Cancer,432.5,8278,1903808
2004,New York,All Types of Cancer,498,100582,19171567
2004,North Carolina,All Types of Cancer,481.3,41801,8553152
2004,North Dakota,All Types of Cancer,464.7,3340,644705
2004,Ohio,All Types of Cancer,480.5,58902,11452251
2004,Oklahoma,All Types of Cancer,478.5,17791,3525233
2004,Oregon,All Types of Cancer,484.6,18492,3569463
2004,Pennsylvania,All Types of Cancer,503.7,73213,12410722
2004,Puerto Rico,All Types of Cancer,0,0
2004,Rhode Island,All Types of Cancer,533.5,6321,1074579
2004,South Carolina,All Types of Cancer,486.2,21206,4210921
2004,South Dakota,All Types of Cancer,480.1,4051,770396
2004,Tennessee,All Types of Cancer,451.4,27802,5910809
2004,Texas,All Types of Cancer,468.9,90745,22394023
2004,United States,All Types of Cancer,480.1,1430805,292805298
2004,Utah,All Types of Cancer,427.5,7784,2401580
2004,Vermont,All Types of Cancer,500,3391,619920
2004,Virginia,All Types of Cancer,456.6,33554,7475575
2004,Washington,All Types of Cancer,506.8,30767,6178645
2004,West Virginia,All Types of Cancer,494.7,10801,1816438
2004,Wisconsin,All Types of Cancer,475.2,27605,5514026
2004,Wyoming,All Types of Cancer,452,2364,509106
2005,Alabama,All Types of Cancer,462.4,22703,4565917
2005,Alaska,All Types of Cancer,482.4,2378,666946
2005,Arizona,All Types of Cancer,421.2,25389,5839077
2005,Arkansas,All Types of Cancer,466.8,14256,2781097
2005,California,All Types of Cancer,449.7,148674,35827943
2005,Colorado,All Types of Cancer,448,18923,4631888
2005,Connecticut,All Types of Cancer,512.4,19866,3506956
2005,Delaware,All Types of Cancer,528.8,4827,845150
2005,District of Columbia,All Types of Cancer,488.9,2778,567136
2005,Florida,All Types of Cancer,487.2,107593,17842038
2005,Georgia,All Types of Cancer,471.7,37617,8925922
2005,Hawaii,All Types of Cancer,431.6,6125,1292729
2005,Idaho,All Types of Cancer,479.6,6598,1428241
2005,Illinois,All Types of Cancer,491.4,62066,12609903
2005,Indiana,All Types of Cancer,485.8,31212,6278616
2005,Iowa,All Types of Cancer,489,16503,2964454
2005,Kansas,All Types of Cancer,470,13453,2745299
2005,Kentucky,All Types of Cancer,518.9,22810,4182742
2005,Louisiana,All Types of Cancer,482.6,21145,4411396
2005,Maine,All Types of Cancer,536.2,8339,1318787
2005,Maryland,All Types of Cancer,465.5,25999,5592379
2005,Massachusetts,All Types of Cancer,517.3,35943,6403290
2005,Michigan,All Types of Cancer,505.1,52877,10051137
2005,Minnesota,All Types of Cancer,476.2,24646,5119598
2005,Mississippi,All Types of Cancer,471.4,13726,2876229
2005,Missouri,All Types of Cancer,492.4,30722,5790300
2005,Montana,All Types of Cancer,495.2,5256,940102
2005,Nebraska,All Types of Cancer,486,9050,1761497
2005,Nevada,All Types of Cancer,453.2,10701,2432143
2005,New Hampshire,All Types of Cancer,532.5,7260,1298492
2005,New Jersey,All Types of Cancer,512.5,47249,8651974
2005,New Mexico,All Types of Cancer,421.9,8302,1932274
2005,New York,All Types of Cancer,501.5,102051,19132610
2005,North Carolina,All Types of Cancer,493.4,44062,8705407
2005,North Dakota,All Types of Cancer,481.1,3486,646089
2005,Ohio,All Types of Cancer,486.5,60259,11463320
2005,Oklahoma,All Types of Cancer,475.8,17908,3548597
2005,Oregon,All Types of Cancer,478.8,18729,3613202
2005,Pennsylvania,All Types of Cancer,505.2,73981,12449990
2005,Puerto Rico,All Types of Cancer,321.8,12457,3821362
2005,Rhode Island,All Types of Cancer,511.3,6032,1067916
2005,South Carolina,All Types of Cancer,492.6,22038,4270150
2005,South Dakota,All Types of Cancer,464.1,3956,775493
2005,Tennessee,All Types of Cancer,481.2,30350,5991057
2005,Texas,All Types of Cancer,466.2,92795,22773020
2005,United States,All Types of Cancer,480.8,1459673,295516599
2005,Utah,All Types of Cancer,420.9,7943,2457719
2005,Vermont,All Types of Cancer,502.8,3471,621215
2005,Virginia,All Types of Cancer,459.9,34657,7577105
2005,Washington,All Types of Cancer,505.7,31491,6257305
2005,West Virginia,All Types of Cancer,504.7,11145,1820492
2005,Wisconsin,All Types of Cancer,475.3,28032,5546166
2005,Wyoming,All Types of Cancer,428.6,2301,514157
2006,Alabama,All Types of Cancer,465.7,23401,4628981
2006,Alaska,All Types of Cancer,489.5,2516,675302
2006,Arizona,All Types of Cancer,425.5,26566,6029141
2006,Arkansas,All Types of Cancer,462.5,14455,2821761
2006,California,All Types of Cancer,447.9,150259,36021202
2006,Colorado,All Types of Cancer,440.8,19310,4720423
2006,Connecticut,All Types of Cancer,527.3,20639,3517460
2006,Delaware,All Types of Cancer,541.9,5100,859268
2006,District of Columbia,All Types of Cancer,493.3,2779,570681
2006,Florida,All Types of Cancer,483.5,108634,18166990
2006,Georgia,All Types of Cancer,476.4,39466,9155813
2006,Hawaii,All Types of Cancer,428.6,6213,1309731
2006,Idaho,All Types of Cancer,474.4,6787,1468669
2006,Illinois,All Types of Cancer,501.5,63957,12643955
2006,Indiana,All Types of Cancer,493.1,32224,6332669
2006,Iowa,All Types of Cancer,492.5,16819,2982644
2006,Kansas,All Types of Cancer,474.9,13775,2762931
2006,Kentucky,All Types of Cancer,534.6,23998,4219239
2006,Louisiana,All Types of Cancer,495.8,21666,4302665
2006,Maine,All Types of Cancer,546.6,8660,1323619
2006,Maryland,All Types of Cancer,460.7,26154,5627367
2006,Massachusetts,All Types of Cancer,530.5,37155,6410084
2006,Michigan,All Types of Cancer,505.1,53597,10036081
2006,Minnesota,All Types of Cancer,483.9,25540,5163555
2006,Mississippi,All Types of Cancer,482.3,14324,2904978
2006,Missouri,All Types of Cancer,487.7,30963,5842704
2006,Montana,All Types of Cancer,486.8,5284,952692
2006,Nebraska,All Types of Cancer,488.6,9223,1772693
2006,Nevada,All Types of Cancer,468.2,11382,2522658
2006,New Hampshire,All Types of Cancer,521.4,7309,1308389
2006,New Jersey,All Types of Cancer,525.2,48884,8661679
2006,New Mexico,All Types of Cancer,418.5,8529,1962137
2006,New York,All Types of Cancer,513,105037,19104631
2006,North Carolina,All Types of Cancer,491,45411,8917270
2006,North Dakota,All Types of Cancer,478.6,3518,649422
2006,Ohio,All Types of Cancer,485.4,60898,11481213
2006,Oklahoma,All Types of Cancer,495.5,18992,3594090
2006,Oregon,All Types of Cancer,476.1,19157,3670883
2006,Pennsylvania,All Types of Cancer,513.9,76064,12510809
2006,Puerto Rico,All Types of Cancer,323.7,12781,3805214
2006,Rhode Island,All Types of Cancer,532,6332,1063096
2006,South Carolina,All Types of Cancer,487.7,22646,4357847
2006,South Dakota,All Types of Cancer,446.4,3882,783033
2006,Tennessee,All Types of Cancer,481.2,31160,6088766
2006,Texas,All Types of Cancer,459.6,94796,23359580
2006,United States,All Types of Cancer,483.7,1495655,298379912
2006,Utah,All Types of Cancer,425.3,8348,2525507
2006,Vermont,All Types of Cancer,530.1,3725,622892
2006,Virginia,All Types of Cancer,460,35442,7673725
2006,Washington,All Types of Cancer,498.6,31954,6370753
2006,West Virginia,All Types of Cancer,506.9,11334,1827912
2006,Wisconsin,All Types of Cancer,483,28912,5577655
2006,Wyoming,All Types of Cancer,454.9,2479,522667
2007,Alabama,All Types of Cancer,474.2,24255,4672840
2007,Alaska,All Types of Cancer,477.9,2551,680300
2007,Arizona,All Types of Cancer,427.7,27571,6167681
2007,Arkansas,All Types of Cancer,471.2,14958,2848650
2007,California,All Types of Cancer,457.7,156831,36250311
2007,Colorado,All Types of Cancer,458.1,20753,4803868
2007,Connecticut,All Types of Cancer,522,20717,3527270
2007,Delaware,All Types of Cancer,532.8,5178,871749
2007,District of Columbia,All Types of Cancer,530,3009,574404
2007,Florida,All Types of Cancer,486.2,111312,18367842
2007,Georgia,All Types of Cancer,493.7,42314,9349988
2007,Hawaii,All Types of Cancer,435.6,6427,1315675
2007,Idaho,All Types of Cancer,486.1,7199,1505105
2007,Illinois,All Types of Cancer,503.4,65192,12695866
2007,Indiana,All Types of Cancer,488.3,32488,6379599
2007,Iowa,All Types of Cancer,489,16897,2999212
2007,Kansas,All Types of Cancer,491.5,14468,2783785
2007,Kentucky,All Types of Cancer,536.2,24579,4256672
2007,Louisiana,All Types of Cancer,504,22560,4375581
2007,Maine,All Types of Cancer,529.5,8571,1327040
2007,Maryland,All Types of Cancer,484.7,28052,5653408
2007,Massachusetts,All Types of Cancer,524,37252,6431559
2007,Michigan,All Types of Cancer,517.5,55880,10001284
2007,Minnesota,All Types of Cancer,497.9,26876,5207203
2007,Mississippi,All Types of Cancer,497.2,15071,2928350
2007,Missouri,All Types of Cancer,485.5,31361,5887612
2007,Montana,All Types of Cancer,481,5408,964706
2007,Nebraska,All Types of Cancer,498.1,9540,1783440
2007,Nevada,All Types of Cancer,447.3,11343,2601072
2007,New Hampshire,All Types of Cancer,520.1,7483,1312540
2007,New Jersey,All Types of Cancer,525.8,49577,8677885
2007,New Mexico,All Types of Cancer,421.7,8831,1990070
2007,New York,All Types of Cancer,515.5,106897,19132335
2007,North Carolina,All Types of Cancer,495.5,47393,9118037
2007,North Dakota,All Types of Cancer,488.4,3617,652822
2007,Ohio,All Types of Cancer,484,61690,11500468
2007,Oklahoma,All Types of Cancer,507.5,19804,3634349
2007,Oregon,All Types of Cancer,471.8,19427,3722417
2007,Pennsylvania,All Types of Cancer,516.9,77432,12563937
2007,Puerto Rico,All Types of Cancer,326.5,13073,3782995
2007,Rhode Island,All Types of Cancer,540.2,6451,1057315
2007,South Carolina,All Types of Cancer,492,23656,4444110
2007,South Dakota,All Types of Cancer,475.3,4205,791623
2007,Tennessee,All Types of Cancer,486.1,32296,6175727
2007,Texas,All Types of Cancer,467.8,99474,23831983
2007,United States,All Types of Cancer,488.2,1541568,301231207
2007,Utah,All Types of Cancer,420.7,8547,2597746
2007,Vermont,All Types of Cancer,503.7,3618,623481
2007,Virginia,All Types of Cancer,472.9,37367,7751000
2007,Washington,All Types of Cancer,477.5,31479,6461587
2007,West Virginia,All Types of Cancer,512.9,11654,1834052
2007,Wisconsin,All Types of Cancer,485.4,29596,5610775
2007,Wyoming,All Types of Cancer,437,2461,534876
2008,Alabama,All Types of Cancer,486.4,25388,4718206
2008,Alaska,All Types of Cancer,487.7,2716,687455
2008,Arizona,All Types of Cancer,417.6,27583,6280362
2008,Arkansas,All Types of Cancer,459.9,14905,2874554
2008,California,All Types of Cancer,453.4,159197,36604337
2008,Colorado,All Types of Cancer,448.6,21022,4889730
2008,Connecticut,All Types of Cancer,515.6,20858,3545579
2008,Delaware,All Types of Cancer,531.7,5295,883874
2008,District of Columbia,All Types of Cancer,496.8,2840,580236
2008,Florida,All Types of Cancer,487.6,113948,18527305
2008,Georgia,All Types of Cancer,488.7,43268,9504843
2008,Hawaii,All Types of Cancer,440.3,6663,1332213
2008,Idaho,All Types of Cancer,469.4,7182,1534320
2008,Illinois,All Types of Cancer,506,66624,12747038
2008,Indiana,All Types of Cancer,484.8,32936,6424806
2008,Iowa,All Types of Cancer,487.1,17013,3016734
2008,Kansas,All Types of Cancer,490.4,14660,2808076
2008,Kentucky,All Types of Cancer,529.4,24746,4289878
2008,Louisiana,All Types of Cancer,503.5,23055,4435586
2008,Maine,All Types of Cancer,514.8,8506,1330509
2008,Maryland,All Types of Cancer,484.6,28591,5684965
2008,Massachusetts,All Types of Cancer,522.9,37808,6468967
2008,Michigan,All Types of Cancer,490.8,53689,9946889
2008,Minnesota,All Types of Cancer,489.9,27068,5247018
2008,Mississippi,All Types of Cancer,500.7,15398,2947806
2008,Missouri,All Types of Cancer,475.9,31318,5923916
2008,Montana,All Types of Cancer,474.2,5447,976415
2008,Nebraska,All Types of Cancer,485.7,9454,1796378
2008,Nevada,All Types of Cancer,464.8,12143,2653630
2008,New Hampshire,All Types of Cancer,527.2,7754,1315906
2008,New Jersey,All Types of Cancer,517,49488,8711090
2008,New Mexico,All Types of Cancer,422.2,9060,2010662
2008,New York,All Types of Cancer,517.5,108710,19212436
2008,North Carolina,All Types of Cancer,491.2,48448,9309449
2008,North Dakota,All Types of Cancer,471.1,3553,657569
2008,Ohio,All Types of Cancer,490.1,63408,11515391
2008,Oklahoma,All Types of Cancer,476.3,18918,3668976
2008,Oregon,All Types of Cancer,484.2,20451,3768748
2008,Pennsylvania,All Types of Cancer,513.3,77746,12612285
2008,Puerto Rico,All Types of Cancer,331.5,13480,3760866
2008,Rhode Island,All Types of Cancer,531.6,6421,1055003
2008,South Carolina,All Types of Cancer,479.1,23788,4528996
2008,South Dakota,All Types of Cancer,462,4156,799124
2008,Tennessee,All Types of Cancer,486.9,33152,6247411
2008,Texas,All Types of Cancer,457.6,100320,24309039
2008,United States,All Types of Cancer,484.4,1562147,304093966
2008,Utah,All Types of Cancer,422.7,8880,2663029
2008,Vermont,All Types of Cancer,481.4,3548,624151
2008,Virginia,All Types of Cancer,464.1,37482,7833496
2008,Washington,All Types of Cancer,494.5,33430,6562231
2008,West Virginia,All Types of Cancer,496.7,11408,1840310
2008,Wisconsin,All Types of Cancer,485.6,30159,5640996
2008,Wyoming,All Types of Cancer,439.3,2546,546043
2009,Alabama,All Types of Cancer,478.3,25366,4757938
2009,Alaska,All Types of Cancer,475.4,2728,698895
2009,Arizona,All Types of Cancer,424.6,28910,6343154
2009,Arkansas,All Types of Cancer,458.7,15097,2896843
2009,California,All Types of Cancer,448.7,161397,36961229
2009,Colorado,All Types of Cancer,447.2,21727,4972195
2009,Connecticut,All Types of Cancer,519.3,21276,3561807
2009,Delaware,All Types of Cancer,522.9,5340,891730
2009,District of Columbia,All Types of Cancer,498.4,2904,592228
2009,Florida,All Types of Cancer,476.9,113587,18652644
2009,Georgia,All Types of Cancer,484.4,44058,9620846
2009,Hawaii,All Types of Cancer,441.2,6807,1346717
2009,Idaho,All Types of Cancer,469.9,7405,1554439
2009,Illinois,All Types of Cancer,501.2,67002,12796778
2009,Indiana,All Types of Cancer,475.1,32815,6459325
2009,Iowa,All Types of Cancer,498.9,17661,3032870
2009,Kansas,All Types of Cancer,478.1,14557,2832704
2009,Kentucky,All Types of Cancer,524.8,24992,4317074
2009,Louisiana,All Types of Cancer,506.9,23785,4491648
2009,Maine,All Types of Cancer,501.6,8402,1329590
2009,Maryland,All Types of Cancer,472.3,28651,5730388
2009,Massachusetts,All Types of Cancer,511.9,37650,6517613
2009,Michigan,All Types of Cancer,487.3,54181,9901591
2009,Minnesota,All Types of Cancer,478.7,27006,5281203
2009,Mississippi,All Types of Cancer,485.3,15132,2958774
2009,Missouri,All Types of Cancer,484.3,32431,5961088
2009,Montana,All Types of Cancer,482.3,5676,983982
2009,Nebraska,All Types of Cancer,459.5,9068,1812683
2009,Nevada,All Types of Cancer,463.5,12473,2684665
2009,New Hampshire,All Types of Cancer,514.6,7741,1316102
2009,New Jersey,All Types of Cancer,516.2,50130,8755602
2009,New Mexico,All Types of Cancer,413.7,9118,2036802
2009,New York,All Types of Cancer,513.4,109422,19307066
2009,North Carolina,All Types of Cancer,499.5,50506,9449566
2009,North Dakota,All Types of Cancer,461.7,3508,664968
2009,Ohio,All Types of Cancer,489.4,64108,11528896
2009,Oklahoma,All Types of Cancer,470.4,19065,3717572
2009,Oregon,All Types of Cancer,463.5,19996,3808600
2009,Pennsylvania,All Types of Cancer,510.8,78209,12666858
2009,Puerto Rico,All Types of Cancer,336.6,13945,3740410
2009,Rhode Island,All Types of Cancer,523.8,6380,1053646
2009,South Carolina,All Types of Cancer,474.3,24144,4589872
2009,South Dakota,All Types of Cancer,472.6,4312,807067
2009,Tennessee,All Types of Cancer,493.6,34278,6306019
2009,Texas,All Types of Cancer,449.9,101745,24801761
2009,United States,All Types of Cancer,480.1,1580524,306771529
2009,Utah,All Types of Cancer,422,9155,2723421
2009,Vermont,All Types of Cancer,500.7,3736,624817
2009,Virginia,All Types of Cancer,460,38071,7925937
2009,Washington,All Types of Cancer,494,34404,6667426
2009,West Virginia,All Types of Cancer,494.1,11486,1847775
2009,Wisconsin,All Types of Cancer,481,30383,5669264
2009,Wyoming,All Types of Cancer,428.3,2543,559851
2010,Alabama,All Types of Cancer,468.2,25394,4785514
2010,Alaska,All Types of Cancer,475.4,2847,713982
2010,Arizona,All Types of Cancer,409.7,28655,6407342
2010,Arkansas,All Types of Cancer,457.6,15325,2921998
2010,California,All Types of Cancer,441.2,162719,37319550
2010,Colorado,All Types of Cancer,430.9,21529,5047539
2010,Connecticut,All Types of Cancer,505.4,21016,3579173
2010,Delaware,All Types of Cancer,512.9,5337,899647
2010,District of Columbia,All Types of Cancer,504.5,2997,605282
2010,Florida,All Types of Cancer,470.9,114689,18846143
2010,Georgia,All Types of Cancer,464,43537,9712209
2010,Hawaii,All Types of Cancer,426.8,6750,1364004
2010,Idaho,All Types of Cancer,461.2,7482,1570819
2010,Illinois,All Types of Cancer,483.8,65744,12840545
2010,Indiana,All Types of Cancer,469.5,32964,6490555
2010,Iowa,All Types of Cancer,491.6,17603,3050819
2010,Kansas,All Types of Cancer,472.2,14555,2858266
2010,Kentucky,All Types of Cancer,528.4,25568,4348464
2010,Louisiana,All Types of Cancer,499.6,23877,4544635
2010,Maine,All Types of Cancer,496.8,8440,1327651
2010,Maryland,All Types of Cancer,470.4,29022,5788784
2010,Massachusetts,All Types of Cancer,479.7,35844,6566440
2010,Michigan,All Types of Cancer,491,55365,9877597
2010,Minnesota,All Types of Cancer,474.8,27230,5310934
2010,Mississippi,All Types of Cancer,488.8,15560,2970615
2010,Missouri,All Types of Cancer,465.9,31714,5996089
2010,Montana,All Types of Cancer,479.2,5707,990730
2010,Nebraska,All Types of Cancer,469.2,9425,1829591
2010,Nevada,All Types of Cancer,437.2,12040,2702483
2010,New Hampshire,All Types of Cancer,508.2,7841,1316807
2010,New Jersey,All Types of Cancer,503.1,49655,8799451
2010,New Mexico,All Types of Cancer,400.7,9094,2064614
2010,New York,All Types of Cancer,496.3,107284,19399956
2010,North Carolina,All Types of Cancer,486.7,50546,9574586
2010,North Dakota,All Types of Cancer,465.5,3609,674752
2010,Ohio,All Types of Cancer,467.2,62150,11539449
2010,Oklahoma,All Types of Cancer,455.4,18769,3760014
2010,Oregon,All Types of Cancer,451.3,19879,3837614
2010,Pennsylvania,All Types of Cancer,508,78736,12711406
2010,Puerto Rico,All Types of Cancer,347.2,14635,3721525
2010,Rhode Island,All Types of Cancer,494.7,6083,1053994
2010,South Carolina,All Types of Cancer,478.6,24987,4635846
2010,South Dakota,All Types of Cancer,457,4254,816193
2010,Tennessee,All Types of Cancer,481.6,34195,6355518
2010,Texas,All Types of Cancer,433.3,100768,25241897
2010,United States,All Types of Cancer,469.1,1576251,309327143
2010,Utah,All Types of Cancer,427,9553,2775413
2010,Vermont,All Types of Cancer,485.9,3693,625886
2010,Virginia,All Types of Cancer,431.9,36677,8024004
2010,Washington,All Types of Cancer,485.2,34696,6743009
2010,West Virginia,All Types of Cancer,483.8,11371,1854265
2010,Wisconsin,All Types of Cancer,479.9,30813,5690538
2010,Wyoming,All Types of Cancer,435.1,2663,564531
2011,Alabama,All Types of Cancer,459.8,25304,4799642
2011,Alaska,All Types of Cancer,452.7,2793,722349
2011,Arizona,All Types of Cancer,410.6,29516,6473416
2011,Arkansas,All Types of Cancer,449.6,15298,2941038
2011,California,All Types of Cancer,431.5,163004,37636311
2011,Colorado,All Types of Cancer,426.1,21902,5121900
2011,Connecticut,All Types of Cancer,497.6,20998,3588632
2011,Delaware,All Types of Cancer,517.5,5531,907590
2011,District of Columbia,All Types of Cancer,527.5,3207,620290
2011,Florida,All Types of Cancer,486.6,121221,19055607
2011,Georgia,All Types of Cancer,473.4,45406,9803630
2011,Hawaii,All Types of Cancer,422.4,6822,1379562
2011,Idaho,All Types of Cancer,459,7619,1584272
2011,Illinois,All Types of Cancer,485.8,67119,12867783
2011,Indiana,All Types of Cancer,469.4,33527,6517250
2011,Iowa,All Types of Cancer,487.2,17638,3066772
2011,Kansas,All Types of Cancer,480.1,14976,2869677
2011,Kentucky,All Types of Cancer,524.5,25821,4370817
2011,Louisiana,All Types of Cancer,499.4,24393,4576244
2011,Maine,All Types of Cancer,488.8,8419,1328473
2011,Maryland,All Types of Cancer,463,29306,5840241
2011,Massachusetts,All Types of Cancer,490.9,37333,6614218
2011,Michigan,All Types of Cancer,488.5,56030,9883053
2011,Minnesota,All Types of Cancer,480.5,28143,5346620
2011,Mississippi,All Types of Cancer,479.4,15525,2979147
2011,Missouri,All Types of Cancer,474.1,32761,6011182
2011,Montana,All Types of Cancer,479.4,5842,997518
2011,Nebraska,All Types of Cancer,465.5,9446,1840914
2011,Nevada,All Types of Cancer,436.5,12369,2713114
2011,New Hampshire,All Types of Cancer,518.5,8116,1320444
2011,New Jersey,All Types of Cancer,506.8,50673,8828552
2011,New Mexico,All Types of Cancer,386.6,8973,2080707
2011,New York,All Types of Cancer,507.1,111405,19499921
2011,North Carolina,All Types of Cancer,485.1,51661,9658913
2011,North Dakota,All Types of Cancer,475.4,3762,685526
2011,Ohio,All Types of Cancer,474.6,63913,11545735
2011,Oklahoma,All Types of Cancer,454.7,19033,3788824
2011,Oregon,All Types of Cancer,463.6,20861,3872672
2011,Pennsylvania,All Types of Cancer,513.3,80454,12747052
2011,Puerto Rico,All Types of Cancer,360.2,15383,3678732
2011,Rhode Island,All Types of Cancer,502.1,6229,1053829
2011,South Carolina,All Types of Cancer,471.4,25202,4672655
2011,South Dakota,All Types of Cancer,482.9,4561,823740
2011,Tennessee,All Types of Cancer,478.5,34788,6400298
2011,Texas,All Types of Cancer,425.9,102228,25645504
2011,United States,All Types of Cancer,470.3,1612082,311583481
2011,Utah,All Types of Cancer,427.5,9799,2814797
2011,Vermont,All Types of Cancer,478.1,3689,627197
2011,Virginia,All Types of Cancer,433.4,37637,8102437
2011,Washington,All Types of Cancer,483,35329,6827479
2011,West Virginia,All Types of Cancer,498.3,11852,1856606
2011,Wisconsin,All Types of Cancer,488.5,31940,5705840
2011,Wyoming,All Types of Cancer,439.3,2708,567491
2012,Alabama,All Types of Cancer,457.3,25563,4816632
2012,Alaska,All Types of Cancer,431.4,2773,730810
2012,Arizona,All Types of Cancer,395.9,29305,6556344
2012,Arkansas,All Types of Cancer,457,15743,2952876
2012,California,All Types of Cancer,422.3,163403,37944551
2012,Colorado,All Types of Cancer,415.2,22111,5193660
2012,Connecticut,All Types of Cancer,490.1,20999,3595211
2012,Delaware,All Types of Cancer,505.2,5555,915518
2012,District of Columbia,All Types of Cancer,495.4,3100,635737
2012,Florida,All Types of Cancer,464.9,118725,19302016
2012,Georgia,All Types of Cancer,472.1,46820,9903580
2012,Hawaii,All Types of Cancer,416.8,6885,1395199
2012,Idaho,All Types of Cancer,448.4,7629,1595910
2012,Illinois,All Types of Cancer,469.9,66101,12883029
2012,Indiana,All Types of Cancer,464.5,33700,6538989
2012,Iowa,All Types of Cancer,472.8,17344,3076844
2012,Kansas,All Types of Cancer,470.9,14943,2886024
2012,Kentucky,All Types of Cancer,526.2,26412,4387865
2012,Louisiana,All Types of Cancer,490.9,24458,4602067
2012,Maine,All Types of Cancer,484.7,8579,1328094
2012,Maryland,All Types of Cancer,451.4,29235,5888375
2012,Massachusetts,All Types of Cancer,474.4,36720,6664269
2012,Michigan,All Types of Cancer,464.4,54158,9898289
2012,Minnesota,All Types of Cancer,468.9,28149,5377500
2012,Mississippi,All Types of Cancer,472.9,15583,2984599
2012,Missouri,All Types of Cancer,467.5,32841,6026027
2012,Montana,All Types of Cancer,452.7,5632,1004168
2012,Nebraska,All Types of Cancer,449.7,9312,1853691
2012,Nevada,All Types of Cancer,412.7,12149,2744670
2012,New Hampshire,All Types of Cancer,493.7,7907,1324677
2012,New Jersey,All Types of Cancer,493.4,50205,8845671
2012,New Mexico,All Types of Cancer,381,8961,2087715
2012,New York,All Types of Cancer,486.5,108571,19574362
2012,North Carolina,All Types of Cancer,469.1,51220,9751810
2012,North Dakota,All Types of Cancer,472.7,3769,702227
2012,Ohio,All Types of Cancer,458.6,62656,11550971
2012,Oklahoma,All Types of Cancer,454.9,19300,3819320
2012,Oregon,All Types of Cancer,442.6,20435,3900102
2012,Pennsylvania,All Types of Cancer,490.9,77885,12769123
2012,Puerto Rico,All Types of Cancer,363.7,15683,3634488
2012,Rhode Island,All Types of Cancer,503.2,6375,1054893
2012,South Carolina,All Types of Cancer,468.4,25896,4719027
2012,South Dakota,All Types of Cancer,458.9,4392,833859
2012,Tennessee,All Types of Cancer,471.5,34926,6455752
2012,Texas,All Types of Cancer,421.4,104139,26084120
2012,United States,All Types of Cancer,457.5,1602305,313877662
2012,Utah,All Types of Cancer,414.1,9796,2854146
2012,Vermont,All Types of Cancer,465.1,3667,626361
2012,Virginia,All Types of Cancer,421.3,37420,8187456
2012,Washington,All Types of Cancer,470,35309,6898599
2012,West Virginia,All Types of Cancer,483.1,11619,1857446
2012,Wisconsin,All Types of Cancer,471.5,31381,5720825
2012,Wyoming,All Types of Cancer,401.1,2549,576656
2013,Alabama,All Types of Cancer,451.3,25707,4831586
2013,Alaska,All Types of Cancer,431.3,2797,737626
2013,Arizona,All Types of Cancer,396.5,30293,6634690
2013,Arkansas,All Types of Cancer,467.5,16319,2960459
2013,California,All Types of Cancer,415.7,164911,38253768
2013,Colorado,All Types of Cancer,410.3,22497,5270774
2013,Connecticut,All Types of Cancer,484.3,21049,3595792
2013,Delaware,All Types of Cancer,516.2,5838,924062
2013,District of Columbia,All Types of Cancer,457.3,2889,651559
2013,Florida,All Types of Cancer,480.8,126000,19551678
2013,Georgia,All Types of Cancer,463.6,47288,9975592
2013,Hawaii,All Types of Cancer,424.4,7147,1408822
2013,Idaho,All Types of Cancer,432.5,7552,1612053
2013,Illinois,All Types of Cancer,466.2,66699,12895778
2013,Indiana,All Types of Cancer,463.9,34233,6570575
2013,Iowa,All Types of Cancer,468.8,17373,3093935
2013,Kansas,All Types of Cancer,457.8,14766,2894306
2013,Kentucky,All Types of Cancer,522.5,26614,4406906
2013,Louisiana,All Types of Cancer,482.7,24523,4626040
2013,Maine,All Types of Cancer,472.8,8519,1328543
2013,Maryland,All Types of Cancer,464.2,30640,5925197
2013,Massachusetts,All Types of Cancer,462.2,36509,6715158
2013,Michigan,All Types of Cancer,453.6,53693,9914802
2013,Minnesota,All Types of Cancer,460.9,28235,5414722
2013,Mississippi,All Types of Cancer,471.5,15831,2989839
2013,Missouri,All Types of Cancer,455.1,32509,6042989
2013,Montana,All Types of Cancer,452.9,5779,1014158
2013,Nebraska,All Types of Cancer,456.6,9562,1865813
2013,Nevada,All Types of Cancer,412.8,12524,2776956
2013,New Hampshire,All Types of Cancer,497.9,8201,1327272
2013,New Jersey,All Types of Cancer,496.4,51270,8857821
2013,New Mexico,All Types of Cancer,380.4,9122,2092833
2013,New York,All Types of Cancer,496,112333,19626488
2013,North Carolina,All Types of Cancer,474.3,53133,9846717
2013,North Dakota,All Types of Cancer,451.7,3653,723149
2013,Ohio,All Types of Cancer,464,64408,11579692
2013,Oklahoma,All Types of Cancer,452.7,19537,3853891
2013,Oregon,All Types of Cancer,452.6,21341,3924110
2013,Pennsylvania,All Types of Cancer,495.3,79444,12779538
2013,Puerto Rico,All Types of Cancer,367.8,16026,3593077
2013,Rhode Island,All Types of Cancer,499.9,6380,1055560
2013,South Carolina,All Types of Cancer,461.1,26161,4766469
2013,South Dakota,All Types of Cancer,472.1,4603,842751
2013,Tennessee,All Types of Cancer,466.4,35259,6496943
2013,Texas,All Types of Cancer,417.6,106127,26479646
2013,United States,All Types of Cancer,456.9,1633556,316059947
2013,Utah,All Types of Cancer,403.8,9836,2898773
2013,Vermont,All Types of Cancer,453.1,3630,626603
2013,Virginia,All Types of Cancer,428,39032,8255861
2013,Washington,All Types of Cancer,460.7,35536,6966252
2013,West Virginia,All Types of Cancer,482.8,11784,1854768
2013,Wisconsin,All Types of Cancer,471.9,31915,5738012
2013,Wyoming,All Types of Cancer,388.7,2555,582620
2014,Alabama,All Types of Cancer,444.5,25712,4843737
2014,Alaska,All Types of Cancer,431,2853,737075
2014,Arizona,All Types of Cancer,400.3,31514,6732873
2014,Arkansas,All Types of Cancer,471,16660,2968759
2014,California,All Types of Cancer,412.3,167786,38586706
2014,Colorado,All Types of Cancer,405.7,22923,5352637
2014,Connecticut,All Types of Cancer,476.5,20952,3595697
2014,Delaware,All Types of Cancer,497.3,5779,933131
2014,District of Columbia,All Types of Cancer,456.3,2981,663603
2014,Florida,All Types of Cancer,477.2,128187,19853880
2014,Georgia,All Types of Cancer,469,49178,10071204
2014,Hawaii,All Types of Cancer,410.6,7048,1415335
2014,Idaho,All Types of Cancer,442.7,7970,1632248
2014,Illinois,All Types of Cancer,469.8,68302,12885092
2014,Indiana,All Types of Cancer,467.1,34992,6596019
2014,Iowa,All Types of Cancer,485,18142,3110643
2014,Kansas,All Types of Cancer,455.5,14855,2901861
2014,Kentucky,All Types of Cancer,526.4,27234,4416992
2014,Louisiana,All Types of Cancer,485,25065,4645938
2014,Maine,All Types of Cancer,484.3,8868,1331217
2014,Maryland,All Types of Cancer,453.5,30668,5960064
2014,Massachusetts,All Types of Cancer,460.7,37015,6764864
2014,Michigan,All Types of Cancer,449.4,54087,9932033
2014,Minnesota,All Types of Cancer,460.6,28826,5452665
2014,Mississippi,All Types of Cancer,474.6,16154,2991892
2014,Missouri,All Types of Cancer,460.3,33397,6059130
2014,Montana,All Types of Cancer,450.2,5834,1022657
2014,Nebraska,All Types of Cancer,452,9652,1879955
2014,Nevada,All Types of Cancer,400.9,12586,2818935
2014,New Hampshire,All Types of Cancer,481.7,8140,1334257
2014,New Jersey,All Types of Cancer,487.3,51107,8867277
2014,New Mexico,All Types of Cancer,384.2,9342,2090236
2014,New York,All Types of Cancer,487.4,112176,19653431
2014,North Carolina,All Types of Cancer,473.9,54539,9937295
2014,North Dakota,All Types of Cancer,451,3704,738736
2014,Ohio,All Types of Cancer,466.4,65572,11606573
2014,Oklahoma,All Types of Cancer,457.2,20031,3879187
2014,Oregon,All Types of Cancer,448.7,21650,3965447
2014,Pennsylvania,All Types of Cancer,487,79069,12792392
2014,Puerto Rico,All Types of Cancer,360,15828,3534874
2014,Rhode Island,All Types of Cancer,496.6,6425,1056511
2014,South Carolina,All Types of Cancer,459.7,26769,4826858
2014,South Dakota,All Types of Cancer,471.1,4653,849670
2014,Tennessee,All Types of Cancer,458.3,35359,6544617
2014,Texas,All Types of Cancer,416.8,109104,26963092
2014,United States,All Types of Cancer,454.5,1659759,318386329
2014,Utah,All Types of Cancer,406.5,10209,2938327
2014,Vermont,All Types of Cancer,469.1,3814,625693
2014,Virginia,All Types of Cancer,425.3,39700,8315430
2014,Washington,All Types of Cancer,456.4,36123,7057531
2014,West Virginia,All Types of Cancer,478.5,11707,1850569
2014,Wisconsin,All Types of Cancer,473.8,32670,5753199
2014,Wyoming,All Types of Cancer,403.7,2676,583159
2015,Alabama,All Types of Cancer,456,26822,4854803
2015,Alaska,All Types of Cancer,426.8,2949,738430
2015,Arizona,All Types of Cancer,395.2,32129,6832810
2015,Arkansas,All Types of Cancer,482.4,17321,2979732
2015,California,All Types of Cancer,412.1,171557,38904296
2015,Colorado,All Types of Cancer,397.7,23263,5454328
2015,Connecticut,All Types of Cancer,477,21346,3588561
2015,Delaware,All Types of Cancer,501.4,5988,942065
2015,District of Columbia,All Types of Cancer,416.4,2784,677014
2015,Florida,All Types of Cancer,481.6,133043,20219111
2015,Georgia,All Types of Cancer,472.5,50935,10183353
2015,Hawaii,All Types of Cancer,414.6,7266,1422999
2015,Idaho,All Types of Cancer,453,8370,1652495
2015,Illinois,All Types of Cancer,473.7,69720,12859585
2015,Indiana,All Types of Cancer,473.9,36031,6611442
2015,Iowa,All Types of Cancer,485.1,18423,3122541
2015,Kansas,All Types of Cancer,468.6,15515,2910717
2015,Kentucky,All Types of Cancer,524.4,27575,4429126
2015,Louisiana,All Types of Cancer,483.7,25525,4666998
2015,Maine,All Types of Cancer,477.7,8871,1329098
2015,Maryland,All Types of Cancer,458.4,31578,5988528
2015,Massachusetts,All Types of Cancer,466.6,38152,6797484
2015,Michigan,All Types of Cancer,453.6,55377,9934483
2015,Minnesota,All Types of Cancer,482.8,30722,5484002
2015,Mississippi,All Types of Cancer,473.2,16306,2990231
2015,Missouri,All Types of Cancer,461,33815,6075411
2015,Montana,All Types of Cancer,470.9,6238,1031495
2015,Nebraska,All Types of Cancer,464.7,10020,1892059
2015,Nevada,All Types of Cancer,382.7,12461,2868531
2015,New Hampshire,All Types of Cancer,481.9,8263,1337480
2015,New Jersey,All Types of Cancer,493.5,52537,8870312
2015,New Mexico,All Types of Cancer,384.5,9539,2090071
2015,New York,All Types of Cancer,487.6,113760,19657321
2015,North Carolina,All Types of Cancer,479.6,56560,10037218
2015,North Dakota,All Types of Cancer,456.6,3823,755537
2015,Ohio,All Types of Cancer,476.7,67756,11622315
2015,Oklahoma,All Types of Cancer,460.9,20574,3910518
2015,Oregon,All Types of Cancer,446.6,22125,4018542
2015,Pennsylvania,All Types of Cancer,491.4,80657,12789838
2015,Puerto Rico,All Types of Cancer,372.6,16527,3473232
2015,Rhode Island,All Types of Cancer,485.7,6331,1056886
2015,South Carolina,All Types of Cancer,470.4,28284,4896006
2015,South Dakota,All Types of Cancer,451,4543,854663
2015,Tennessee,All Types of Cancer,473.8,37305,6595354
2015,Texas,All Types of Cancer,414.7,111875,27468531
2015,United States,All Types of Cancer,456.8,1702207,320738994
2015,Utah,All Types of Cancer,411,10617,2983626
2015,Vermont,All Types of Cancer,449.8,3731,625810
2015,Virginia,All Types of Cancer,415.5,39729,8367303
2015,Washington,All Types of Cancer,444.7,36264,7167287
2015,West Virginia,All Types of Cancer,485.3,12005,1843332
2015,Wisconsin,All Types of Cancer,473.6,33164,5762927
2015,Wyoming,All Types of Cancer,395.3,2663,586389
2016,Alabama,All Types of Cancer,463.2,27561,4866824
2016,Alaska,All Types of Cancer,421.9,2983,742575
2016,Arizona,All Types of Cancer,389.8,32682,6944767
2016,Arkansas,All Types of Cancer,479,17403,2991815
2016,California,All Types of Cancer,404.9,172294,39149186
2016,Colorado,All Types of Cancer,398.1,23821,5543844
2016,Connecticut,All Types of Cancer,476.6,21568,3579830
2016,Delaware,All Types of Cancer,495.3,6094,949989
2016,District of Columbia,All Types of Cancer,404.1,2750,687576
2016,Florida,All Types of Cancer,473.9,134841,20627237
2016,Georgia,All Types of Cancer,476.8,52866,10308442
2016,Hawaii,All Types of Cancer,419.2,7484,1428885
2016,Idaho,All Types of Cancer,453.7,8642,1684036
2016,Illinois,All Types of Cancer,472.5,70291,12821709
2016,Indiana,All Types of Cancer,474.1,36678,6637898
2016,Iowa,All Types of Cancer,490.3,18812,3133210
2016,Kansas,All Types of Cancer,459.7,15371,2912977
2016,Kentucky,All Types of Cancer,520,27694,4440306
2016,Louisiana,All Types of Cancer,478.7,25752,4681346
2016,Maine,All Types of Cancer,479.4,9042,1332348
2016,Maryland,All Types of Cancer,454.6,31842,6007014
2016,Massachusetts,All Types of Cancer,472.1,39266,6827280
2016,Michigan,All Types of Cancer,461.7,57045,9954117
2016,Minnesota,All Types of Cancer,467.7,30406,5525360
2016,Mississippi,All Types of Cancer,480.5,16784,2990595
2016,Missouri,All Types of Cancer,454.2,33783,6091384
2016,Montana,All Types of Cancer,471.1,6402,1042137
2016,Nebraska,All Types of Cancer,469.5,10322,1906483
2016,Nevada,All Types of Cancer,401.8,13576,2919555
2016,New Hampshire,All Types of Cancer,492.2,8655,1343694
2016,New Jersey,All Types of Cancer,490.3,52799,8873584
2016,New Mexico,All Types of Cancer,381.9,9664,2092555
2016,New York,All Types of Cancer,485.6,114878,19636391
2016,North Carolina,All Types of Cancer,473.6,57197,10161802
2016,North Dakota,All Types of Cancer,460.3,3863,756114
2016,Ohio,All Types of Cancer,468.4,67490,11640060
2016,Oklahoma,All Types of Cancer,453.7,20465,3928143
2016,Oregon,All Types of Cancer,432.9,22040,4093271
2016,Pennsylvania,All Types of Cancer,488.4,81068,12788468
2016,Puerto Rico,All Types of Cancer,362.2,16109,3406672
2016,Rhode Island,All Types of Cancer,474.9,6313,1057816
2016,South Carolina,All Types of Cancer,454.7,28203,4963031
2016,South Dakota,All Types of Cancer,467.6,4790,863693
2016,Tennessee,All Types of Cancer,470.4,37791,6651277
2016,Texas,All Types of Cancer,412.6,114503,27914064
2016,United States,All Types of Cancer,453.9,1725893,323071755
2016,Utah,All Types of Cancer,400,10711,3044241
2016,Vermont,All Types of Cancer,458.6,3821,624366
2016,Virginia,All Types of Cancer,418.9,40879,8417651
2016,Washington,All Types of Cancer,452.7,38017,7299961
2016,West Virginia,All Types of Cancer,483.1,11993,1832435
2016,Wisconsin,All Types of Cancer,475.6,33897,5775170
2016,Wyoming,All Types of Cancer,405.8,2801,585243
2017,Alabama,All Types of Cancer,451.7,27430,4877989
2017,Alaska,All Types of Cancer,415.7,3006,740983
2017,Arizona,All Types of Cancer,389.3,33750,7048088
2017,Arkansas,All Types of Cancer,478,17710,3003855
2017,California,All Types of Cancer,403,174944,39337785
2017,Colorado,All Types of Cancer,399.8,24590,5617421
2017,Connecticut,All Types of Cancer,473,21679,3575324
2017,Delaware,All Types of Cancer,459.7,5794,957942
2017,District of Columbia,All Types of Cancer,439.6,2986,697079
2017,Florida,All Types of Cancer,457.1,134021,20977089
2017,Georgia,All Types of Cancer,468.8,53541,10417031
2017,Hawaii,All Types of Cancer,423.4,7656,1425763
2017,Idaho,All Types of Cancer,452.3,8941,1719745
2017,Illinois,All Types of Cancer,467.7,70553,12779893
2017,Indiana,All Types of Cancer,474.2,37421,6662068
2017,Iowa,All Types of Cancer,491.7,19135,3143734
2017,Kansas,All Types of Cancer,465.4,15814,2910892
2017,Kentucky,All Types of Cancer,518.5,28163,4455590
2017,Louisiana,All Types of Cancer,480.9,26277,4673673
2017,Maine,All Types of Cancer,478.8,9203,1335743
2017,Maryland,All Types of Cancer,455.5,32681,6028186
2017,Massachusetts,All Types of Cancer,464.3,39435,6863560
2017,Michigan,All Types of Cancer,443.7,55808,9976752
2017,Minnesota,All Types of Cancer,487.8,32263,5569283
2017,Mississippi,All Types of Cancer,477.5,17012,2990674
2017,Missouri,All Types of Cancer,463.5,35204,6111382
2017,Montana,All Types of Cancer,479.8,6602,1053862
2017,Nebraska,All Types of Cancer,475.2,10562,1916998
2017,Nevada,All Types of Cancer,418.3,14558,2972097
2017,New Hampshire,All Types of Cancer,485.5,8727,1350395
2017,New Jersey,All Types of Cancer,491.3,53840,8888147
2017,New Mexico,All Types of Cancer,376.8,9667,2092844
2017,New York,All Types of Cancer,488.3,116929,19593849
2017,North Carolina,All Types of Cancer,472.1,58788,10275758
2017,North Dakota,All Types of Cancer,466.6,3974,756755
2017,Ohio,All Types of Cancer,470.6,68970,11665706
2017,Oklahoma,All Types of Cancer,443.5,20393,3933602
2017,Oregon,All Types of Cancer,435.8,22761,4147294
2017,Pennsylvania,All Types of Cancer,479.5,80751,12794679
2017,Puerto Rico,All Types of Cancer,372.1,8349,1662642
2017,Rhode Island,All Types of Cancer,473.4,6381,1056554
2017,South Carolina,All Types of Cancer,443.7,28399,5027102
2017,South Dakota,All Types of Cancer,459.6,4833,873732
2017,Tennessee,All Types of Cancer,477.4,39239,6714748
2017,Texas,All Types of Cancer,415.2,118455,28291024
2017,United States,All Types of Cancer,451.2,1752516,325122128
2017,Utah,All Types of Cancer,404.5,11132,3103540
2017,Vermont,All Types of Cancer,469.4,4027,625132
2017,Virginia,All Types of Cancer,409.2,40844,8471011
2017,Washington,All Types of Cancer,443.3,38200,7427951
2017,West Virginia,All Types of Cancer,494.3,12432,1818683
2017,Wisconsin,All Types of Cancer,470.7,34146,5793147
2017,Wyoming,All Types of Cancer,413.3,2889,579994
2018,Alabama,All Types of Cancer,445.2,27426,4891628
2018,Alaska,All Types of Cancer,403.4,3011,736624
2018,Arizona,All Types of Cancer,381.8,34165,7164228
2018,Arkansas,All Types of Cancer,490.4,18499,3012161
2018,California,All Types of Cancer,395.9,174813,39437463
2018,Colorado,All Types of Cancer,394.2,25011,5697155
2018,Connecticut,All Types of Cancer,461.9,21463,3574561
2018,Delaware,All Types of Cancer,464.9,6046,966985
2018,District of Columbia,All Types of Cancer,420.7,2919,704147
2018,Florida,All Types of Cancer,458.8,137830,21254926
2018,Georgia,All Types of Cancer,467.1,54680,10519389
2018,Hawaii,All Types of Cancer,413.6,7623,1423102
2018,Idaho,All Types of Cancer,443.3,9057,1752074
2018,Illinois,All Types of Cancer,459.3,70172,12724685
2018,Indiana,All Types of Cancer,454.2,36430,6698481
2018,Iowa,All Types of Cancer,492.1,19378,3149900
2018,Kansas,All Types of Cancer,451.7,15591,2912748
2018,Kentucky,All Types of Cancer,512.8,28309,4464273
2018,Louisiana,All Types of Cancer,489.2,27099,4664450
2018,Maine,All Types of Cancer,470,9228,1340123
2018,Maryland,All Types of Cancer,449.2,32814,6042153
2018,Massachusetts,All Types of Cancer,439.5,37869,6885720
2018,Michigan,All Types of Cancer,442.6,56616,9987286
2018,Minnesota,All Types of Cancer,478.4,32316,5608762
2018,Mississippi,All Types of Cancer,479.3,17316,2982879
2018,Missouri,All Types of Cancer,445.6,34304,6125986
2018,Montana,All Types of Cancer,462.3,6560,1061818
2018,Nebraska,All Types of Cancer,481.6,10867,1925512
2018,Nevada,All Types of Cancer,0,0
2018,New Hampshire,All Types of Cancer,478.7,8836,1355064
2018,New Jersey,All Types of Cancer,487.6,54061,8891730
2018,New Mexico,All Types of Cancer,362.9,9533,2093754
2018,New York,All Types of Cancer,477.9,115844,19544098
2018,North Carolina,All Types of Cancer,464.2,59181,10391358
2018,North Dakota,All Types of Cancer,448.4,3904,760062
2018,Ohio,All Types of Cancer,473.8,70279,11680892
2018,Oklahoma,All Types of Cancer,449.6,20971,3943488
2018,Oregon,All Types of Cancer,417.8,22282,4183538
2018,Pennsylvania,All Types of Cancer,468.1,79803,12809107
2018,Puerto Rico,All Types of Cancer,368.4,16417,3193344
2018,Rhode Island,All Types of Cancer,474,6481,1059338
2018,South Carolina,All Types of Cancer,434.7,28483,5091702
2018,South Dakota,All Types of Cancer,455.3,4889,879386
2018,Tennessee,All Types of Cancer,465.7,39038,6778180
2018,Texas,All Types of Cancer,421.6,123401,28624564
2018,United States,All Types of Cancer,446,1749398,323807474
2018,Utah,All Types of Cancer,413.1,11717,3155153
2018,Vermont,All Types of Cancer,457.4,3979,624802
2018,Virginia,All Types of Cancer,402.2,40909,8510920
2018,Washington,All Types of Cancer,438.1,38685,7526793
2018,West Virginia,All Types of Cancer,493.8,12464,1805953
2018,Wisconsin,All Types of Cancer,465.9,34395,5809319
2018,Wyoming,All Types of Cancer,398.4,2851,579054
2019,Alabama,All Types of Cancer,443.4,27794,4907965
2019,Alaska,All Types of Cancer,418.5,3160,733603
2019,Arizona,All Types of Cancer,358.7,33168,7291843
2019,Arkansas,All Types of Cancer,487.6,18596,3020985
2019,California,All Types of Cancer,397,178202,39437610
2019,Colorado,All Types of Cancer,392.4,25494,5758486
2019,Connecticut,All Types of Cancer,468.3,22051,3566022
2019,Delaware,All Types of Cancer,455.9,6118,976668
2019,District of Columbia,All Types of Cancer,403.5,2838,708253
2019,Florida,All Types of Cancer,434.1,133913,21492056
2019,Georgia,All Types of Cancer,458.8,55290,10628020
2019,Hawaii,All Types of Cancer,413.5,7657,1415615
2019,Idaho,All Types of Cancer,440.9,9383,1789060
2019,Illinois,All Types of Cancer,453.6,70175,12667017
2019,Indiana,All Types of Cancer,410,33433,6731010
2019,Iowa,All Types of Cancer,494.1,19800,3159596
2019,Kansas,All Types of Cancer,452.2,15813,2912635
2019,Kentucky,All Types of Cancer,504.9,28243,4472345
2019,Louisiana,All Types of Cancer,490,27529,4658285
2019,Maine,All Types of Cancer,478.1,9600,1345770
2019,Maryland,All Types of Cancer,453.6,33659,6054954
2019,Massachusetts,All Types of Cancer,433.2,38013,6894883
2019,Michigan,All Types of Cancer,432.7,56193,9984795
2019,Minnesota,All Types of Cancer,442.8,30558,5640053
2019,Mississippi,All Types of Cancer,469.6,17202,2978227
2019,Missouri,All Types of Cancer,442.5,34478,6140475
2019,Montana,All Types of Cancer,449.6,6473,1070123
2019,Nebraska,All Types of Cancer,457.3,10515,1932571
2019,Nevada,All Types of Cancer,0,0
2019,New Hampshire,All Types of Cancer,475.8,8996,1360783
2019,New Jersey,All Types of Cancer,483.7,54271,8891258
2019,New Mexico,All Types of Cancer,366.5,9733,2099634
2019,New York,All Types of Cancer,484.9,118803,19463131
2019,North Carolina,All Types of Cancer,460.8,60331,10501384
2019,North Dakota,All Types of Cancer,440.6,3904,763724
2019,Ohio,All Types of Cancer,468,70363,11696507
2019,Oklahoma,All Types of Cancer,446.6,21121,3960676
2019,Oregon,All Types of Cancer,411.3,22429,4216116
2019,Pennsylvania,All Types of Cancer,457.5,79001,12798883
2019,Puerto Rico,All Types of Cancer,367.8,16628,3193553
2019,Rhode Island,All Types of Cancer,473.7,6530,1058158
2019,South Carolina,All Types of Cancer,419.4,28296,5157702
2019,South Dakota,All Types of Cancer,428.6,4688,887127
2019,Tennessee,All Types of Cancer,446.5,38258,6830325
2019,Texas,All Types of Cancer,412.4,123923,28986794
2019,United States,All Types of Cancer,438.6,1752735,325239182
2019,Utah,All Types of Cancer,406.5,11888,3203383
2019,Vermont,All Types of Cancer,450.5,3956,624046
2019,Virginia,All Types of Cancer,401.8,41646,8556642
2019,Washington,All Types of Cancer,428.6,38772,7614024
2019,West Virginia,All Types of Cancer,480.5,12188,1795263
2019,Wisconsin,All Types of Cancer,468.7,35263,5824581
2019,Wyoming,All Types of Cancer,415.3,3027,580116
